id;name;gender;age;phone_nr;reseme;reseme_content_type
1;mobile Fish;MALE;45934;seamless Metal deposit;../fake-data/blob/hipster.png;image/png
2;Producer;FEMALE;30436;Albania web-readiness;../fake-data/blob/hipster.png;image/png
3;Namibia;FEMALE;23290;Licensed Savings Account;../fake-data/blob/hipster.png;image/png
4;Cambridgeshire Mississippi;DIVERSE;17067;Small Frozen Sausages Planner;../fake-data/blob/hipster.png;image/png
5;envisioneer Music Public-key;MALE;61006;backing up Salad;../fake-data/blob/hipster.png;image/png
6;Digitized invoice;MALE;54679;Chair Facilitator;../fake-data/blob/hipster.png;image/png
7;Views e-enable Communications;MALE;96117;navigating;../fake-data/blob/hipster.png;image/png
8;interactive generating compelling;MALE;14107;back-end;../fake-data/blob/hipster.png;image/png
9;Industrial;MALE;1425;magenta monitor 1080p;../fake-data/blob/hipster.png;image/png
10;Unbranded Plastic Tuna Frozen;FEMALE;31110;moratorium pixel withdrawal;../fake-data/blob/hipster.png;image/png
